{"cameraMode":{"drawMode":0,"name":"Shaded","section":"Shading Mode"},"sceneLighting":true,"audioPlay":false,"sceneViewState":{"showFog":true,"showMaterialUpdate":false,"showSkybox":true,"showFlares":true,"showImageEffects":true,"showParticleSystems":true},"in2DMode":false,"pivot":{"x":7.51369047164917,"y":1.5199166536331177,"z":-2.8790619373321535},"rotation":{"x":0.0069532133638858799,"y":-0.7310439944267273,"z":-0.007449460681527853,"w":-0.6822585463523865},"size":6.38287878036499,"orthographic":false}